ts	phase	decision	why	evidence	result
2026-10-08T21:17:56Z	frame	worked in a worktree on refactor/agent-friendly, never in main's tree	Pi loads the extension from main's working tree, so edits there would change the live assistant	git worktree list	main untouched
2026-10-08T21:17:56Z	frame	captured the baseline before changing anything: all four suites	so every later check reads old value vs new value	node 122 pass; swift pass; pytest 608 pass 4 skipped; ruff, format, mypy clean	baseline green
2026-10-08T21:17:56Z	agy	checked agy with a one-word ask before delegating	user asked to delegate to agy; confirm auth first	ask returned OK in 1.8s	agy works
2026-10-08T21:17:56Z	survey	sent agy researcher a read-only survey of where agents trip	second, independent pass over a three-language repo	agy job research-mv00yhtt-827e43b9	used in PLAN survey after checking each claim
2026-10-08T21:17:56Z	bugs	confirmed the job journal ignores TMPDIR with a 3-line Swift probe	known open item; needed proof before a fix	TMPDIR=/tmp/x prints /var/folders/.../T from FileManager.temporaryDirectory	bug confirmed
2026-10-08T21:17:56Z	bugs	gave the journal fix to agy with an exact spec, reviewed the diff, reran test.sh, committed	small well-scoped unit with a clear test	commit b481cfb	tests green
2026-10-08T21:17:56Z	bugs	checked the Swift 20-message history cap against the shared-memory design	known open item	cap removed in a331063; backend CHAT_SIZE=100 with compaction in run-openrouter.sh	not a bug; doc updated
2026-10-08T21:17:56Z	bugs	rejected two agy-reported bugs after reading the code	direct /voice resume N already says to list first; superseded-but-finished is a policy question	history.ts resolveConversation; work.ts priorFindings	logged as U11 decision, no code change
2026-10-08T21:17:56Z	skill	isolated the harness by port plus a per-process -voice.wsUrl argument instead of defaults write	defaults write would retarget the user's installed Voice.app; port 8766 is the user's live backend	scratch/bin/voice wrapper in pv.py	no product change needed
2026-10-08T21:17:56Z	skill	launched an isolated backend on 18766 and ran doctor	prove launch and doctor before any drive	/tmp/pv-verify/20261008-151119/evidence/doctor-*.json	all PASS
2026-10-08T21:17:56Z	skill	first Voice drive crashed: player did not see an IO cycle; reproduced 3 times, muted and unmuted modes	lid closed means built-in audio does no IO	logs/voice-*.stderr.log in run 20261008-151119	Voice aborts rc 134
2026-10-08T21:17:56Z	skill	added --via backend drives (verify-voice.py, startup-pack recall over the WebSocket) so one real path is provable without audio	skill step 4 needs one feature proven end to end	evidence/conversation-backend-*, evidence/memory-backend-*	both VERIFIED
2026-10-08T21:17:56Z	skill	made the Voice drive report the crash reason and doctor warn when the lid is closed	a crash must read as NOT VERIFIED with a reason, not a broken pipe	evidence/handoff-voice-*/checks.json	NOT VERIFIED with reason
2026-10-08T21:17:56Z	bugs	did not fix the audio-IO abort in phase 1	needs a product decision and testing on more than one audio device	PLAN.md U2	open
2026-10-08T21:17:56Z	bugs	ran tsc over pi-voice/src against installed Pi 1.1.0 types	TS typecheck gap was a known agent trap	/tmp/pvr-tsc tsconfig; 1 error in work.test.ts typing only	no product type bugs; U4 adds CI typecheck
2026-10-08T21:22:41Z	skill	accepted agy feature-map draft after checking every check name and evidence file against pv.py; reworded backend entry points for tool features	map must match the harness exactly; the backend declares no Voice tools itself	features/*.md vs grep check( pv.py	kept with 4 line edits
2026-10-08T21:22:41Z	plan	folded reviewer points 1,2,4,5,6,8,9 and parts of 3; rejected moving pv.py to scripts/	reviewer claims checked against code: test_tool_contract covers more than names (valid); .cursor/skills is re-included by .gitignore (claim wrong)	agy review-mv01fyhy-717b3beb	PLAN.md Reviewer challenge section
